Links,FirmNumber
https://clutch.co/seo-firms,47053
https://clutch.co/agencies/digital-strategy,29393
https://clutch.co/agencies/email,12100
https://clutch.co/agencies/ppc,19520
https://clutch.co/agencies/digital,48015
https://clutch.co/pr-firms,12228
https://clutch.co/agencies/creative,10985
https://clutch.co/agencies/conversion-optimization,5340
https://clutch.co/it-services/marketing-automation,1381
https://clutch.co/agencies/branding,37075
https://clutch.co/agencies/naming,7580
https://clutch.co/agencies,22086
https://clutch.co/agencies/digital-marketing,78825
https://clutch.co/agencies/content-marketing,20770
https://clutch.co/agencies/event,4464
https://clutch.co/agencies/app-marketing,3603
https://clutch.co/agencies/experiential,1237
https://clutch.co/agencies/social-media-marketing,44866
https://clutch.co/agencies/video-production,19658
https://clutch.co/agencies/inbound-marketing,25036
https://clutch.co/agencies/media-buying,4704
https://clutch.co/agencies/market-research,5903
https://clutch.co/agencies/direct-marketing,3136
https://clutch.co/agencies/sem,15757
